Id,Label,timeset,Degree
10472,BLACK PANTHER/T'CHAL,,704
10476,IRON MAN/TONY STARK,,2189
10477,IRON MAN IV/JAMES R.,,462
10487,SHANG-CHI,,126
10488,STARSHINE II/BRANDY,,220
10490,MAN-THING/THEODORE T,,185
10493,"ROM, SPACEKNIGHT",,239
10499,MYSTIQUE/RAVEN DARKH,,392
10500,BLOB/FRED J. DUKES,,420
10501,TORPEDO III/BROCK JO,,219
10502,PYRO/ALLERDYCE JOHNN,,295
10503,AVALANCHE/DOMINIC PE,,274
10504,ROGUE /,,822
10505,DESTINY II/IRENE ADL,,225
10521,SUB-MARINER/NAMOR MA,,972
10522,VASHTI,,206
10525,NOVA/RICHARD RIDER,,671
10526,FIRESTAR/ANGELICA JO,,607
10527,THUNDERBALL/DR. ELIO,,207
10528,NAMORITA/NITA PRENTI,,588
10529,SPEEDBALL/ROBBIE BAL,,499
10530,HULK/DR. ROBERT BRUC,,1048
10531,NIGHT THRASHER/DUANE,,379
10532,SPIDER-MAN/PETER PAR,,1730
10533,JUSTICE II/VANCE AST,,483
10534,TIGRA/GREER NELSON,,510
10535,WASP/JANET VAN DYNE,,1517
10536,GALACTUS/GALAN,,394
10537,MOCKINGBIRD/DR. BARB,,508
10538,SILVER SURFER/NORRIN,,663
10539,HAWK,,1165
10540,LORD CHAOS,,131
10541,SCARLET WITCH/WANDA,,1883
10542,QUICKSILVER/PIETRO M,,868
10550,UATU,,518
10551,CAPTAIN AMERICA,,1896
10552,THUNDERSTRIKE/ERIC K,,529
10553,WONDER MAN/SIMON WIL,,1022
10554,DEATHLOK III/MICHAEL,,182
10555,OBLIVION,,72
10556,WOLVERINE/LOGAN,,1984
10557,SHE-HULK/JENNIFER WA,,1064
10558,VISION,,1765
10559,PSYLOCKE/ELISABETH B,,688
10560,MARVEL GIRL/JEAN GRE,,998
10561,STORM/ORORO MUNROE S,,1062
10562,ETERNITY/ADAM QADMON,,309
10563,KISMET/J'RIDIA STARD,,185
10564,IN-BETWEENER,,89
10565,MR. FANTASTIC/REED R,,1368
10566,ANGEL/WARREN KENNETH,,1064
10567,DEATH,,274
10568,MASTER ORDER,,118
10569,JUBILEE/JUBILATION L,,444
10570,THING/BENJAMIN J. GR,,1404
10571,INVISIBLE WOMAN/SUE,,1750
10572,INFINITY II,,116
10573,PUNISHER II/FRANK CA,,477
10574,ANDROMEDA/ANDROMEDA,,155
10575,BEAST/HENRY &HANK& P,,1259
10576,GHOST RIDER III/DAN,,391
10577,CYCLOPS/SCOTT SUMMER,,1070
10611,"CABE, BETHANY",,104
10613,"HOGAN, VIRGINIA PEPP",,255
10614,"HOGAN, HAROLD J. HAP",,214
10616,BATROC/GEORGES BATRO,,168
10617,"CARTER, SHARON",,254
10619,KARNILLA [ASGARDIAN],,183
10620,HEIMDALL [ASGARDIAN],,254
10621,ENCHANTRESS/AMORA/HE,,316
10622,LOKI [ASGARDIAN],,420
10623,NIGHTMARE/EDVARD HAB,,139
10625,THOR/DR. DONALD BLAK,,1281
10628,SPIDER-WOMAN II/JULI,,410
10632,"COOPER, DR. VALERIE",,533
10637,RED GUARDIAN III/DR.,,158
10638,DR. STRANGE/STEPHEN,,1489
10640,HELLCAT/PATSY WALKER,,362
10641,NIGHTHAWK II/KYLE RI,,248
10642,DEVIL-SLAYER/ERIC SI,,154
10643,"NORRISS, SISTER BARB",,380
10644,"BANNER, BETTY ROSS T",,340
10645,"ROSS, GEN. THADDEUS",,432
10647,MASTERMIND/JASON WYN,,138
10654,GORGON [INHUMAN],,438
10655,LOCKJAW [INHUMAN],,388
10656,CRYSTAL [INHUMAN],,697
10657,BLACK BOLT/BLACKANTO,,444
10658,TRITON,,419
10659,KARNAK [INHUMAN],,438
10664,WARLOCK II/ADAM WARL,,294
10665,ANALYZER,,123
10666,MAN-BEAST,,97
10667,ABOMINATION/EMIL BLO,,180
10668,RHINO,,308
10677,"CORBEAU, DR. PETER",,198
10678,JUGGERNAUT/CAIN MARK,,275
10679,PROFESSOR X/CHARLES,,1471
10684,VENOM/EDDIE BROCK,,157
10685,"PARKER, MAY",,479
10687,"STACY, JILL",,152
10689,"ROBERTSON, JOE",,638
10692,"LEEDS, BETTY BRANT",,405
10693,KINGPIN/WILSON FISK,,437
10698,"WATSON-PARKER, MARY",,1116
10699,"WATSON, ANNA",,274
10701,MACHINE MAN/X-51,,254
10702,JOCASTA,,210
10704,ULTRON,,178
10706,"JAMESON, J. JONAH",,914
10708,"URICH, BEN",,399
10711,ICEMAN/ROBERT BOBBY,,1354
10712,"THOMPSON, EUGENE FLA",,344
10722,"GRANT, GLORIA GLORY",,260
10727,GARGOYLE II/ISAAC CH,,262
10736,"SOUTHERN, CANDY",,163
10738,MOONDRAGON/HEATHER D,,567
10747,HUMAN TORCH/JOHNNY S,,1349
10748,BEYONDER,,227
10749,DR. OCTOPUS/OTTO OCT,,228
10752,MISTER HYDE/CALVIN Z,,200
10753,COACHWHIP,,71
10754,COBRA/KLAUS VORHEES,,230
10755,ASP II/CLEO,,148
10756,BUSHMASTER II/QUINCY,,86
10757,FER DE LANCE/TERESA,,68
10758,BLACK MAMBA/TANYA SE,,166
10759,BLACK RACER/,,67
10760,ROCK PYTHON,,76
10761,ANACONDA/BLANCHE SIT,,161
10762,PUFF ADDER,,76
10763,BOOMSLANG/,,77
10764,RATTLER,,101
10765,COPPERHEAD III/DAVIS,,62
10767,"RANSOME, JENNIFER AM",,116
10768,"MOREAU, PHILLIP",,104
10769,HAVOK/ALEX SUMMERS,,1098
10771,DAZZLER II/ALLISON B,,376
10772,LONGSHOT,,222
10773,"SUMMERS, MADELYNE MA",,244
10774,COLOSSUS II/PETER RA,,1015
10788,MALICE IV,,66
10789,"SUMMERS, NATHAN CHRI",,576
10790,POLARIS/LORNA DANE,,560
10791,MR. SINISTER/NATHAN,,242
10792,N'ASTIRH,,106
10793,GATEWAY,,180
10794,"TILBY, TRISH/PATRICI",,290
10800,WOLFSBANE/RAHNE SINC,,531
10801,WARLOCK III,,278
10802,SUNSPOT/ROBERTO DACO,,510
10803,MAGIK/ILLYANA RASPUT,,262
10804,MAGNETO/MAGNUS/ERIC,,764
10805,CANNONBALL II/SAM GU,,637
10806,MIRAGE II/DANIELLE M,,389
10813,S'YM,,135
10816,"GRIFFITH, D.W.",,88
10818,"CAGE, LUKE/CARL LUCA",,601
10820,PIPELINE/CORMICK GRI,,107
10825,MOLECULE MAN/OWEN RE,,153
10827,"JARVIS, EDWIN",,1303
10828,GHOST RIDER II/JOHNN,,267
10829,ANT-MAN/DR. HENRY J.,,1077
10832,"ARBOGAST, BAMBI",,184
10833,EGGHEAD/PROF. ELIHAS,,71
10835,"STANKOWICZ, FABIAN",,194
10843,HERCULES [GREEK GOD],,983
10844,BLACK WIDOW/NATASHA,,1242
10845,MOON KNIGHT/MARC SPE,,436
10846,DRAX/ARTHUR DOUGLAS,,296
10849,SPIDER-MAN CLONE/BEN,,351
10850,KAINE,,128
10857,TOMBSTONE/LONNIE THO,,144
10883,"TOWER, BLAKE",,137
10890,GEE/ALEX POWER,,256
10891,TURBO II (A)/MICHIKO,,236
10892,BLACK CAT/FELICIA HA,,297
10893,D'SPAYRE,,92
10898,SILVER SABLE,,195
10900,SWORDSMAN/JACQUES DU,,152
10901,SANDMAN/WILLIAM BAKE,,374
10902,"PEREGRINE, LE/FRANCK",,134
10906,VOLSTAGG,,345
10907,HOGUN [ASGARDIAN],,386
10908,FANDRAL [ASGARDIAN],,390
10909,VIZIER,,188
10910,ODIN [ASGARDIAN],,416
10911,DOMINO III/BEATRICE/,,328
10912,HYDROMAN/MORRIE BENC,,208
10913,STILT-MAN/WILBUR DAY,,126
10915,"MERRYWEATHER, IRENE",,142
10916,BLAQUESMITH,,156
10919,VULTURE/ADRIAN TOOME,,183
10921,"OSBORN, HARRY",,237
10924,GREEN GOBLIN/NORMAN,,344
10930,SILVERMANE/SILVIO MA,,146
10936,"OSBORN, LIZ ALLAN",,316
10939,GLADIATOR II,,218
10940,"RICHARDS, FRANKLIN B",,632
10942,ARISHEM [CELESTIAL],,165
10943,ZIRAN,,149
10944,GAMMENON [CELESTIAL],,132
10945,ONE ABOVE ALL [CELES,,116
10946,WONG,,439
10947,CLEA,,238
10953,DAREDEVIL/MATT MURDO,,960
10958,FRENCHIE/JEAN-PAUL D,,117
10963,"MASTERS, ALICIA REIS",,428
10966,"WOLFE, SARA",,96
10970,RINTRAH,,146
10983,DR. DRUID/ANTHONY LU,,474
10986,PIP/PRINCE GOFERN,,227
10987,GAMORA,,224
10993,DRACULA/VLAD TEPES,,142
10994,DR. DOOM/VICTOR VON,,892
10998,HELA [ASGARDIAN],,285
10999,FIRELORD/PYREUS KRIL,,205
11008,THANOS,,364
11012,MEPHISTO,,387
11018,HOBGOBLIN II/RODERIC,,130
11027,"LUBENSKI, NATE",,141
11028,FOREIGNER/RAFAEL BAS,,125
11029,"BANNON, LANCE",,136
11033,"MUGGINS, MAMIE",,105
11034,THINKER,,209
11036,LIZARD/DR. CURTIS CO,,161
11040,"JAMESON, MARLA MADIS",,250
11042,"COUNT NEFARIA, LUCHI",,140
11043,PLANTMAN/SAM SMITHER,,162
11044,SCARECROW/EBENEZER L,,90
11046,EEL/LEOPOLD STRYKE,,89
11047,"CANTOR, VERA",,121
11048,PORCUPINE/ALEX GENTR,,137
11049,UNICORN/MYLOS MASARY,,79
11062,PENANCE/MONET ST. CR,,161
11065,UNUS THE UNTOUCHABLE,,96
11072,MIMIC/CALVIN RANKIN,,110
11082,PUPPET MASTER/PHILLI,,218
11088,BANSHEE/SEAN CASSIDY,,497
11090,SUPER-ADAPTOID/ALESS,,103
11091,LIVING MUMMY,,116
11092,HUMAN TORCH ANDROID/,,337
11093,BUCKY/BUCKY BARNES,,124
11097,TORO/TOM RAYMOND,,112
11099,WHIZZER/ROBERT L. FR,,188
11100,RED SKULL/JOHANN SCH,,251
11101,BARON STRUCKER/WOLFG,,196
11128,MOLE MAN/HARVEY RUPE,,291
11129,MAKKARI/MIKE KHARY/I,,293
11131,KRO [DEVIANT],,143
11136,CLOAK/TYRONE JOHNSON,,269
11138,DAGGER/TANDY BOWEN,,248
11140,STARFOX/EROS,,453
11143,MANDARIN,,213
11149,SIF,,376
11155,"KINCAID, DR. JANE FO",,260
11156,DESTROYER III,,128
11165,"FURY, COL. NICHOLAS",,1262
11175,SAGITTARIUS/HARLAN V,,84
11176,LIBRA/GUSTAV BRANDT,,121
11184,BROTHERS GRIMM II/BA,,89
11190,MASTER MOLD II,,197
11193,"CREED, GRAYDON",,75
11194,"BRIDGE, GEORGE WASHI",,277
11205,"KINCAID, DR. KEITH",,154
11210,KLAW/ULYSSES KLAW,,268
11211,LYJA LAZERFIST [SKRU,,251
11212,DEVLOR,,86
11213,VIBRAXAS/N'KANO,,116
11214,"RICHARDS, NATHANIEL",,100
11216,ANT-MAN II/SCOTT HAR,,403
11217,KRISTOFF/KRISTOFF VE,,140
11218,HUNTARA/MARY ELIZABE,,89
11219,WHITE TIGER/HECTOR A,,96
11220,SHA SHAN,,100
11225,KRAVEN THE HUNTER/SE,,137
11241,"SITWELL, JASPER",,201
11251,KA-ZAR/KEVIN PLUNDER,,326
11254,ZABU,,235
11257,SHANNA/SHANNA O'HARA,,276
11262,DAYTRIPPER/AMANDA SE,,226
11263,NIGHTCRAWLER/KURT WA,,852
11268,MOJO,,99
11269,GAMBIT/REMY LEBEAU,,867
11270,MAJOR DOMO,,75
11271,FORGE,,471
11278,"SHAW, SHINOBI",,99
11279,BISHOP /,,356
11289,QUASAR III/WENDELL V,,727
11292,"BALLANTINE, KAYLA",,221
11312,WHIZZER II/STANLEY S,,169
11313,ARCANNA/ARCANNA JONE,,151
11314,KRONOS,,95
11315,EON,,128
11316,DR. SPECTRUM/JOSEPH,,240
11317,"TANAKA, KENJIRO",,163
11318,LADY LARK/LINDA LEWI,,131
11320,SHAPE,,97
11321,HYPERION,,186
11322,SERGEI,,135
11323,MAELSTROM/MALCOLM ST,,117
11324,JACK OF HEARTS/JACK,,448
11325,POWER PRINCESS/ZARDA,,120
11334,DRAGONFLY/VERONICA D,,164
11336,4-D MAN/MERCURIO,,68
11339,STRANGER,,138
11342,CHARM,,86
11343,TRUTH,,85
11344,BEAUTY,,85
11356,TEN FOR,,82
11361,SUPER SABRE/MARTIN F,,104
11362,WHIZZER III/JAMES SA,,144
11363,RUNNER,,62
11364,CAPTAIN MARVEL II/MO,,528
11372,ATLAS,,73
11373,MINERVA [KREE],,73
11374,CAPTAIN BRITAIN/BRIA,,452
11375,USAGENT/CAPTAIN JOHN,,580
11376,MEGGAN,,308
11377,WIDGET,,128
11378,MODRED THE MYSTIC,,95
11379,PHOENIX III/RACHEL S,,392
11380,REJECT/RAN-SAK [DEVI,,128
11383,BLOOD BROTHERS,,94
11389,VANISHER,,153
11394,NOVA II/FRANKIE RAYE,,297
11397,CONTEMPLATOR/TATH KI,,84
11401,SUPER SKRULL/KL'RT,,169
11404,RONAN THE ACCUSER [K,,171
11406,SUPREME INTELLIGENCE,,233
11421,BOOMERANG/FRED MYERS,,229
11422,"JONES, RICHARD MILHO",,533
11423,"TALBOT, GLENN",,121
11431,ANNIHILUS,,118
11434,"LEEDS, NED",,175
11442,"ROSENTHAL, BERNIE",,184
11451,MYSTERIO/QUENTIN BEC,,151
11456,TERRAX II/TYROS,,107
11457,"ZARRKO, ARTHUR",,127
11459,CANNONBALL/JACK PULV,,115
11460,"GAMBONNO, ERNESTO",,112
11461,"PAGE, KAREN",,283
11462,BRUTO THE STRONGMAN/,,64
11463,RINGMASTER/MAYNARD T,,174
11464,"GAMBONNO, LUIGI",,111
11465,"NELSON, FRANKLIN FOG",,492
11468,CHAMELEON/DMITRI SME,,105
11469,SHADOWCAT/KATHERINE,,1001
11476,LOCKHEED,,321
11479,"THOMAS, COMMANDER DA",,84
11480,CERISE II [SHI'AR],,134
11481,AHAB/RORY CAMPBELL,,85
11487,"DUGAN, TIMOTHY ALOYI",,489
11495,"KORVAC, MICHAEL",,88
11508,BINARY/CAROL DANVERS,,533
11510,"GYRICH, HENRY PETER",,401
11511,COLLECTOR/TANELEER T,,178
11520,CAPTAIN MARVEL/CAPTA,,239
11521,HERA/AUGUSTINE JONES,,79
11523,ZEUS,,220
11529,MAD DOG/COLONEL BUZZ,,186
11530,"DE LA FONTAINE, CONT",,257
11532,"JONES, GABE",,221
11533,"PIERCE, ALEXANDER GO",,101
11546,"QUARTERMAIN, CLAY",,132
11555,MS. MARVEL II/SHARON,,277
11557,BLACK KNIGHT V/DANE,,1042
11559,APOCALYPSE/EN SABAH,,365
11560,OZYMANDIAS,,97
11564,PHARAOH RAMA-TUT,,364
11567,BALDER [ASGARDIAN],,341
11569,TANA NILE,,75
11571,ULIK,,126
11578,HELLSTORM/DAIMON HEL,,270
11590,ROMA,,143
11591,TRAPSTER/PETER PETRU,,219
11597,"CORTEZ, FABIAN",,142
11598,TRIATHLON/DELROY GAR,,200
11600,CARGIL/JOANNA CARGIL,,195
11601,SCANNER II,,146
11602,"VOGHT, AMELIA",,133
11614,"KLEINSTOCK, HARLAN",,89
11615,"KLEINSTOCK, SVEN",,88
11619,"HALLER, GABRIELLE",,116
11632,SCHEMER/RICHARD FISK,,108
11633,"JAMESON, COL. JOHN",,419
11648,DIABLO/ESTEBAN DE AB,,167
11651,"JONES, MARLO CHANDLE",,169
11652,QUASIMODO,,72
11655,NOMAD III/JACK MONRO,,203
11658,MADCAP,,81
11659,DEATH ADDER,,91
11674,FALCON/SAM WILSON,,537
11675,BLACK CROW/JESSE BLA,,77
11687,SIDEWINDER/SETH VOEL,,107
11688,PRINCESS PYTHON/ZELD,,183
11689,CONSTRICTOR/FRANK PA,,252
11695,ARMADILLO/ANTONIO RO,,73
11699,CAPTAIN MARVEL III/G,,141
11700,NEBULA,,119
11701,BETA RAY BILL,,237
11748,SHAMAN/MICHAEL TWOYO,,421
11750,"POWER, MARGARET",,146
11751,"POWER, DR. JIM",,160
11752,COUNTERWEIGHT/JACK P,,198
11754,LIGHTSPEED/JULIE POW,,196
11755,COUNTERWEIGHT II/KAT,,206
11756,CLOWN/CRAFTY ELIOT F,,135
11769,LEADER/SAM STERNS,,182
11771,ABSORBING MAN/CARL C,,273
11772,DOC SAMSON/DR. LEONA,,298
11777,TYRANNUS,,111
11784,"NORRISS, JACK",,69
11796,"NAGAN, DR. ARTHUR",,59
11797,CHONDU,,70
11798,"MORGAN, JERROLD JERR",,61
11800,RUBY,,71
11802,ARAGORN,,126
11806,SILVER SAMURAI/KENYU,,177
11809,BAYMAX,,75
11811,SUNFIRE/SHIRO YOSHID,,377
11813,"TAKACHIHO, HIRO",,77
11814,STRONG GUY/GUIDO CAR,,320
11815,"HUDSON, HEATHER",,391
11816,SASQUATCH/WALTER LAN,,454
11817,"HARKNESS, AGATHA",,345
11818,THANOS DOPPELGANGER,,155
11819,MAGUS,,194
11827,LIVING TRIBUNAL,,176
11830,HIGH EVOLUTIONARY/HE,,328
11837,"FRIEDLANDER, SHARON",,122
11838,"MACTAGGERT, MOIRA KI",,448
11846,HOBGOBLIN V/JASON PH,,189
11847,ELECTRO/MAX DILLON,,268
11850,CITIZEN V III/DALLAS,,232
11851,FIXER II/PAUL NORBER,,293
11853,CITIZEN V II/HELMUT,,432
11865,"CUSHING, KATE",,146
11872,MARROW/SARAH,,318
11873,CALLISTO,,193
11884,TASKMASTER,,124
11885,REDWING,,264
11886,DIAMONDBACK II/RACHE,,234
11898,"KNIGHT, MISTY",,324
11899,"LANE, LOIS",,115
11900,TYPHOID MARY/MARY ME,,88
11904,EEL II/EDWARD LAVELL,,145
11911,IRON FIST/DANIEL RAN,,545
11915,BLACK GOLIATH/DR. WI,,183
11916,POWER MAN/ERIK JOSTE,,419
11917,MENTOR/ALARS [ETERNA,,148
11918,ISAAC,,132
11922,MULTIPLE MAN/JAMES A,,306
11924,WHIPLASH/MARK SCARLO,,199
11925,"HAMMER, JUSTIN",,149
11933,MADAME MASQUE/GIULIE,,137
11937,DEADPOOL/JACK/WADE W,,206
11939,COPYCAT/VANESSA,,126
11941,"LANG, CASSANDRA CASS",,137
11942,"CORD, EDWIN",,67
11948,GREY GARGOYLE/PAUL P,,141
11963,NITRO/ROBERT L. HUNT,,117
11964,HAMMERHEAD,,139
11965,"OSBORN, NORMIE",,175
11971,DARKHAWK/CHRIS POWEL,,347
11972,LIVING LIGHTNING/MIG,,348
11976,RAGE/ELVIN DARYL HAL,,276
11979,SERSI/SYLVIA,,573
11992,BLACK KNIGHT/SIR PER,,72
11995,MAXIMUS [INHUMAN],,163
11996,MEDUSA/MEDUSALITH AM,,445
11998,"SAPRISTI, JERRY",,90
11999,QUICKSAND,,141
12000,MONGOOSE,,60
12002,LORELEI II/MELODI [A,,116
12003,"MASTERSON, KEVIN",,125
12004,EXECUTIONER II/SKURG,,199
12005,FORGOTTEN ONE/GILGAM,,186
12022,SHOCKER/HERMAN SCHUL,,141
12025,"ROBERTSON, RANDY",,156
12034,FIREFIST/RUSTY COLLI,,185
12036,WILDSIDE,,96
12037,FOREARM,,113
12038,REAPER II,,78
12041,STROBE/,,77
12042,SKIDS/SALLY BLEVINS,,188
12044,ZERO,,103
12045,STRYFE,,129
12058,ARRANGER/,,104
12059,"BALDWIN, MADELYNE MA",,126
12060,LLYRA/LLYRA MORRIS,,126
12061,"KENT, CLARK",,166
12062,GHAUR [DEVIANT],,154
12064,"MERCADO, JOY",,132
12065,VIPER II,,224
12092,WIZARD/BENTLEY WITTM,,238
12093,"REAGAN, RONALD",,127
12095,MOONSTONE II/KARLA S,,424
12096,BEETLE/ABNER RONALD,,593
12098,TIGER SHARK/TODD ARL,,186
12099,ELYSIUS,,98
12110,BLACKOUT/MARCUS DANI,,72
12111,"O'BRIEN, MICHAEL",,279
12112,"SIKORSKY, RAYMOND",,145
12116,LUNA/LUNA MAXIMOFF [,,229
12121,DORMAMMU,,146
12132,SELENE,,179
12133,SUNDER,,96
12135,CALIBAN/,,210
12136,MAGMA/AMARA AQUILLA/,,192
12145,WHIRLWIND/DAVID CANN,,199
12146,"FREEMAN, DUANE JEROM",,127
12147,DEMOLITION MAN/DENNI,,168
12148,MAGDALENE/MARISSA DA,,117
12149,SWORDSMAN III/PHILIP,,133
12150,"MCLAREN, MEGAN",,137
12154,BLUE SHIELD/JOSEPH J,,74
12176,STINGRAY/DR. WALTER,,371
12177,"LE FEY, MORGAN",,154
12179,FIREBIRD/BONITA JUAR,,204
12180,MORDRED THE EVIL,,74
12181,STRIDER,,129
12182,WEREWOLF BY NIGHT/JA,,192
12185,SILVERCLAW/LA GARRA,,122
12196,BROTHER VOODOO/DANIE,,175
12198,"DRUMM, JERICHO",,131
12204,ARKON,,90
12206,BARON MORDO/KARL MOR,,85
12213,"CHEKOV, ARTHUR ANTON",,88
12214,"PALERMO, HARRIET ROS",,76
12215,"PALERMO, VICTOR",,77
12218,TOAD/MORTIMER TOYNBE,,233
12233,ARON [WATCHER],,114
12237,NANNY II,,72
12238,"KELLY, SEN. ROBERT E",,208
12239,BONEBREAKER/,,77
12240,ORPHAN-MAKER/PETER,,70
12241,LADY DEATHSTRIKE/YUR,,116
12242,BLACK KING/SEBASTIAN,,271
12243,TESSA,,160
12244,"PIERCE, DONALD",,128
12247,SPIRAL,,201
12249,"COLE, WADE",,85
12250,BARBARUS,,73
12251,ZALADANE,,68
12252,GAZA,,71
12253,WHITEOUT,,79
12254,AMPHIBIUS,,89
12255,"REESE, MURRAY",,91
12290,MICROCHIP/LINUS LIEB,,102
12295,BOX IV/MADISON JEFFR,,148
12296,BOX/ROGER BOCHS,,76
12297,AURORA/JEANNE-MARIE,,556
12298,PERSUASION/KARA KILL,,108
12299,PUCK/EUGENE MILTON J,,369
12300,NORTHSTAR/JEAN-PAUL,,571
12315,SNOWBIRD/NARYA/ANNE,,313
12317,TALISMAN II/ELIZABET,,165
12321,MESMERO,,89
12322,MARRINA/MARRINA SMAL,,115
12329,D'KEN [SHI'AR],,67
12330,LILANDRA NERAMANI [S,,332
12354,MODOK/GEORGE TARLETO,,173
12355,SHELLSHOCK/,,76
12357,LETHA,,74
12358,POUNDCAKES/MARIAN PO,,111
12360,MIRAGE,,87
12361,HIJACKER,,72
12362,MELTER/BRUNO HORGAN,,168
12363,SCREAMING MIMI/MELIS,,430
12375,"LEWIS, SHIRLEY WASHI",,118
12384,THUNDERBIRD II/JAMES,,446
12385,CHIEF EXAMINER,,64
12386,ANTHROMORPHO,,57
12393,EPOCH,,146
12394,DEATHURGE,,96
12404,IMPULSE,,78
12405,"CARTER, PEGGY",,330
12409,STARBOLT,,120
12411,ELECTRON,,90
12413,WARSTAR,,130
12416,ORACLE/LADY SIBYL,,148
12419,TEMPEST/GRANNZ,,116
12435,DEATHBIRD [SHI'AR],,199
12439,"MASON, LOUISE",,100
12465,"ROBERTSON, MARTHA",,143
12520,DRAGON MAN,,106
12529,ARCADE/,,126
12530,MISS LOCKE,,79
12531,DOPPELGANGER,,98
12534,"WATSON, KRISTY",,101
12535,SOLO/,,69
12536,"LUMPKIN, WILLIAM WIL",,189
12544,SLEEPWALKER,,134
12553,NIGHTHAWK/KYLE RICHM,,145
12573,RED WOLF III/WILL TA,,140
12574,LOBO,,108
12588,WHITE QUEEN/EMMA FRO,,387
12589,EMPATH/MANUEL ALFONS,,56
12591,ROULETTE II/JENNY ST,,85
12592,TAROT/MARIE-ANGE COL,,93
12593,JETSTREAM/HAROUD IBN,,76
12594,CATSEYE/SHARON SMITH,,75
12606,MIKHLO,,194
12607,IGOR,,196
12608,PEATOR,,206
12609,RED GHOST/IVAN KRAGO,,213
12610,BLASTAAR,,113
12634,ATTUMA,,191
12636,"HUNTER, STEVIE",,128
12641,PLUTO [OLYMPIAN],,141
12644,FRIGGA,,116
12671,TINKERER,,106
12676,WATER WIZARD/PETE,,151
12678,SCOURGE,,130
12711,"YASHIDA, MARIKO",,103
12724,BLACKWING/JOSEPH MAN,,124
12728,NEKRA/ADRIENNE HATRO,,85
12737,"PETROVITCH, IVAN",,94
12743,SHATTERSTAR II/GAVEE,,211
12744,CYPHER/DOUG RAMSEY,,298
12745,BOOMER/TABITHA SMITH,,433
12746,RICTOR/JULIO ESTEBAN,,226
12747,"LANG, DR. STEVEN",,76
12748,SIRYN/THERESA ROURKE,,362
12752,"CLAREMONT, CHRIS",,108
12757,"WING, COLLEEN",,229
12770,GRAVITON/FRANK HALL,,120
12771,SHROUD/MAXIMILLIAN Q,,164
12777,SPIDER-WOMAN/JESSICA,,288
12778,"MCCABE, LINDSAY",,91
12805,DARKSTAR/LAYNIA SERG,,321
12806,VANGUARD/NICOLAI KRY,,276
12807,URSA MAJOR/MIKHAIL U,,170
12810,"REYES, DR. CECELIA",,111
12811,X-MAN/NATHAN GREY,,341
12818,BLOODAXE/JACKIE LUKU,,90
12819,"AUSTIN, SUSAN",,122
12825,"SAXON, STARR",,116
12828,CROSSBONES/BROCK BIN,,125
12829,"ZOLA, ARNIM",,116
12831,"DEWOLFF, JEAN",,102
12864,ORKA,,116
12882,WRECKER III/DIRK GAR,,228
12884,"PAIBOK, CAPT. [SKRUL",,93
12886,DEVOS THE DEVESTATOR,,90
12888,HRIMHARI,,52
12889,BRIGHTWIND,,119
12890,EITRI,,60
12891,KARMA/XI'AN COY MANH,,183
12897,HUSK/PAIGE GUTHRIE,,231
12898,SKIN/ANGELO ESPINOSA,,223
12899,M,,135
12900,SYNCH/EVERETT THOMAS,,212
12905,"SZARDOS, MARGALI",,148
12919,"GREY, DR. JOHN",,160
12923,IMPOSSIBLE MAN,,132
12938,FERAL/MARIA CALLASAN,,176
12941,MASQUE,,128
12943,"WINGFOOT, WYATT",,143
12944,"ZEDRAO, GENERAL",,65
12953,SHADOW KING/AMAHL FA,,120
12954,PALADIN/PAUL DENNIS,,297
12961,HELIO,,82
12963,GRONK,,73
12964,PHOBIUS,,81
12984,UNUSCIONE,,89
12991,JOSEPH,,129
13021,POSITRON/RONNIE,,99
13026,SILVER SURFER IMPOST,,57
13053,"WHITMAN, DEBRA",,90
13079,PATHWAY/LAURA DEAN,,93
13081,GOBLYN,,86
13091,PARALYZER,,69
13092,CRUCIBLE/BYRON CALLE,,86
13093,SLITHER,,71
13094,METEORITE,,70
13095,OCCULT,,80
13098,AQUARIAN/WUNDARR,,80
13106,PUMA/THOMAS FIREHEAR,,102
13121,NIGHTSHADE/TILDA,,108
13130,GRANDMASTER/EN DWI G,,186
13131,IKARIS/IKE HARRIS [E,,242
13132,THENA,,231
13137,PUDDLEGULP,,57
13138,BLOCKBUSTER III/MICH,,61
13139,HARPOON,,90
13140,ARCLIGHT/PHILLIPA SO,,139
13141,VERTIGO II,,135
13150,"CODY, GARY",,76
13155,"STUART, DR. ALISTAIR",,107
13162,"STUART, BRIG. ALYSAN",,82
13166,"STEELE, MARCY MASTER",,107
13175,BLACK TOM CASSIDY,,135
13190,"STONE, LT. MARCUS",,161
13192,SCORPION/MACDONALD G,,122
13206,JOLT/HALLIE TAKAHAMA,,281
13208,CHARCOAL/CHARLIE BUR,,231
13211,MENTALLO,,119
13218,MAN-KILLER/KATRINA L,,140
13250,"GREY, ELAINE",,139
13274,BATTLESTAR/LEMAR HOS,,152
13275,COTTONMOUTH II,,116
13278,GRIFFIN II/JOHNNY HO,,73
13279,TITANIA II/MARY SKEE,,248
13282,QUILL,,55
13287,CRIMSON COMMANDO/FRA,,93
13288,STONEWALL/LOUIS HAMI,,81
13291,PROWLER/HOBIE BROWN,,149
13303,TUSK,,70
13304,HARDRIVE,,85
13307,PSYNAPSE,,64
13364,ARES [GREEK GOD],,120
13366,PSYCHO-MAN,,72
13403,"HOGARTH, JERYN",,133
13428,"WISDOM, PETER",,157
13436,JOYSTICK/JANICE,,101
13437,TEXAS TWISTER/DREW D,,155
13479,INVISIBLE WOMAN DOPP,,59
13480,QUASAR DOPPELGANGER,,102
13481,THOR III DOPPELGANGE,,106
13482,ANGEL DOPPELGANGER,,54
13483,MARVEL GIRL DOPPELGA,,73
13484,MOONDRAGON DOPPELGAN,,68
13485,SASQUATCH DOPPELGANG,,120
13486,STORM DOPPELGANGER I,,71
13487,HULK DOPPELGANGER II,,91
13488,SCARLET WITCH DOPPEL,,68
13489,CAPTAIN AMERICA DOPP,,124
13490,COLOSSUS II DOPPELGA,,127
13491,VINDICATOR II DOPPEL,,83
13505,LEAP-FROG/VINCENT PA,,72
13518,SABRETOOTH/VICTOR CR,,270
13519,PILEDRIVER II/BRIAN,,258
13520,YELLOWJACKET II/RITA,,104
13521,BULLDOZER/HENRY CAMP,,176
13574,"MOY, ALYSSA",,105
13600,"CLINTON, BILL",,101
13601,"WETHERELL, MANOLI",,64
13607,"LEE, STAN",,173
13616,"CHANG, DR. PHILLIP",,82
13619,SABRA/RUTH BAT-SERAP,,221
13675,BUTCH,,85
13676,DARLA,,80
13702,"KATZENBERG, NICK",,84
13709,ONSLAUGHT II,,105
13714,DARK BEAST/HENRY MCC,,177
13715,EBONY,,137
13735,BOLT II/CHRIS BRADLE,,151
13743,WILD CHILD/KYLE GIBN,,247
13758,LIVING MONOLITH/AHME,,84
13761,EGO,,143
13765,SUGAR MAN,,71
13789,CRIMSON COWL II/,,176
13790,CYCLONE II/PIERRE FR,,104
13795,MAN-APE/M'BAKU,,119
13807,"ROGERS, GAYLE",,68
13815,NUKLO/ROBERT FRANK J,,88
13820,"CHENEY, LILA",,147
13835,CONTROLLER/BASIL SAN,,85
13860,NAZE,,59
13881,BEREET,,103
13885,SHOOTING STAR,,89
13893,CORSAIR,,199
13899,"JONES, CHARLOTTE",,144
13904,PHOENIX II,,143
13997,VOSTOK,,112
14002,RED GUARDIAN V,,138
14018,MANTIS/? BRANDT,,145
14025,EXODUS/BENNET DUPARI,,135
14027,"GATOR, LORD",,80
14028,"RAM, SIR",,79
14029,"TYGER, LORD",,72
14030,BOVA,,140
14039,"URSULA, LADY",,76
14040,WHITE TIGER II/,,124
14046,MALEKITH/MALCOLM KEI,,74
14050,MASTER/ESHU,,135
14053,X-RAY,,136
14054,IRONCLAD,,133
14056,VECTOR,,130
14057,VAPOR,,168
14074,CARDINAL/CLEMDENON,,96
14081,THUNDRA,,102
14087,"KIRBY, JACK",,92
14097,CAPTAIN ULTRA/GRIFFI,,56
14122,VOLCANA/MARSHA ROSEN,,140
14126,FLYING TIGER,,111
14180,HILDY [ASGARDIAN],,101
14191,SPRITE,,107
14194,RAVONNA LEXUS RENSLA,,70
14213,MOON KNIGHT DOPPELGA,,97
14245,"TSURAYABA, MATSUO",,76
14246,ERIC THE RED [SHI'AR,,91
14257,"STRUCKER, ANDREA",,161
14258,OMEGA RED/ARKADY ROS,,106
14259,"STRUCKER, ANDREAS",,165
14267,LEGION II/DAVID HALL,,142
14269,ARABIAN KNIGHT/ABDUL,,168
14284,SCORCHER/,,74
14296,GUARDIAN/JAMES MACDO,,301
14306,DAKIMH THE ENCHANTER,,84
14355,THRENODY,,69
14361,"RAYMOND, ANN",,70
14424,KARKAS [DEVIANT],,141
14425,AJAK/TECUMOTZIN [ETE,,190
14486,ANGAR THE SCREAMER/D,,133
14507,FLATMAN,,98
14509,MR. IMMORTAL,,97
14512,DOORMAN,,100
14514,DINAH-SOAR,,99
14551,"FORRESTER, CAPT. ALE",,100
14555,MODAM,,83
14561,"FARREL, MIKE",,68
14590,BLACK KNIGHT IV/PROF,,105
14614,CH'OD,,169
14618,THING DOPPELGANGER,,89
14619,VISION DOPPELGANGER,,157
14620,BEAST DOPPELGANGER,,76
14621,POLARIS DOPPELGANGER,,87
14622,HUMAN TORCH DOPPELGA,,114
14623,SILHOUETTE,,243
14624,HULK DOPPELGANGER,,76
14625,STRONG GUY DOPPELGAN,,90
14626,CYCLOPS DOPPELGANGER,,118
14627,KARNAK DOPPELGANGER,,76
14628,PROFESSOR X DOPPELGA,,76
14629,BLACK KNIGHT IV DOPP,,77
14630,IRON MAN DOPPELGANGE,,139
14631,PUCK DOPPELGANGER,,77
14632,BLACK WIDOW DOPPELGA,,77
14633,TRITON DOPPELGANGER,,126
14634,SHE-HULK DOPPELGANGE,,99
14635,WOLFSBANE DOPPELGANG,,118
14636,NOVA DOPPELGANGER,,84
14637,SPEEDBALL DOPPELGANG,,122
14638,MR. FANTASTIC DOPPEL,,159
14639,DAREDEVIL DOPPELGANG,,146
14640,HERCULES DOPPELGANGE,,115
14641,WOLVERINE DOPPELGANG,,130
14665,HAWKEYE DOPPELGANGER,,71
14666,DARKHAWK DOPPELGANGE,,90
14667,BLACK KNIGHT V DOPPE,,77
14668,NAMORITA DOPPELGANGE,,98
14669,QUICKSILVER DOPPELGA,,86
14670,NORTHSTAR DOPPELGANG,,84
14671,BEAST DOPPELGANGER I,,94
14672,USAGENT DOPPELGANGER,,90
14673,MULTIPLE MAN DOPPELG,,93
14674,SPIDER-WOMAN DOPPELG,,91
14675,GAMBIT DOPPELGANGER,,93
14676,PUCK DOPPELGANGER II,,110
14691,FIRESTAR DOPPELGANGE,,71
14692,THING DOPPELGANGER I,,125
14693,ROGUE DOPPELGANGER,,62
14700,ICEMAN DOPPELGANGER,,50
14701,SILVER SURFER DOPPEL,,51
14702,DRAX DOPPELGANGER,,57
14710,KURSE/ALGRIM [ASGARD,,107
14738,YELLOWJACKET III/HEN,,94
14785,IRON MAN V/TEEN TONY,,107
14804,GAEA,,146
14825,"MADDICKS, ARTHUR ART",,202
14845,BRAINCHILD,,80
14846,LUPO,,73
14867,"RICHARDS, FRANKLIN 2",,59
14868,SHIP,,171
14872,GIDEON,,99
14874,"CHORD, ANDREW",,121
14876,FAMINE/AUTUMN ROLFSO,,77
14881,GAUNTLET,,91
14882,FOXBAT,,74
14885,"RASPUTIN, MIKHAIL",,61
14913,DEATHCRY [SHI'AR],,101
14917,BLITZKRIEG/,,165
14957,"HODGE, CAMERON",,117
14964,SIKORSKY,,109
15002,VALINOR,,141
15004,"NEWMARK, LOTUS",,78
15013,"ROSS, EVERETT KENNET",,135
15016,NOVA DOPPELGANGER II,,86
15088,GREMLIN/,,71
15118,HOLOCAUST,,79
15136,IRON FIST H'YLTHRI I,,58
15205,"RITTER, DONALD",,71
15219,THUMBELLINA,,66
15251,CHAMBER/JONOTHON STA,,207
15252,EMPLATE/MARIUS ST. C,,101
15326,KRANG [ATLANTEAN],,77
15386,"ROBERTSON, AMANDA",,72
15394,LEECH,,207
15406,SCALPHUNTER,,88
15418,TEFRAL,,100
15490,SPUNJE,,87
15491,ZCANN,,82
15492,R'TEE,,87
15493,NURO,,83
15494,FIZ [SKRULL],,125
15508,SCRAMBLER,,81
15509,"KRAMER, STACEY",,81
15511,RIPTIDE,,66
15521,SLYDE,,74
15556,"STEELE, BOBBY",,77
15557,"PARETSKY, DR. GARY",,73
15560,"RUIZ, RIGGER",,116
15561,"RASSITANO, MAD DOG",,112
15562,"JACKSON, ANDREW JOCK",,77
15565,"FIELSTEIN, FIREWORKS",,77
15647,CR'REEE,,124
15648,MAM'SELLE HEPZIBAH,,161
15649,RAZA LONGKNIFE,,172
15686,SHAMROCK/MOLLY FITZG,,166
15696,WINDSHEAR/COLIN ASHW,,104
15700,"CLARKE, GENERAL JERE",,109
15725,CRIMSON DYNAMO V/DIM,,163
15833,MEANY,,77
15835,EENY,,78
15836,MAGGOTT/JAPHETH,,89
15861,PLAGUE,,58
15863,APE/,,60
15865,ERG,,59
15887,"EDGERTON, GAYLE",,61
15940,BEDLAM/JESSE AARONSO,,130
15944,"CORSI, TOM",,136
16045,"LELAND, HARRY",,75
16046,ARAKI [SHI'AR],,75
16053,EARTHQUAKE,,105
16054,NIGHTSIDE,,76
16055,SMASHER IV,,114
16056,HUSSAR,,99
16061,"CARTER, JIMMY",,64
16067,"MACON, ANGELO",,78
16098,MALICE III,,76
16144,"CAMPBELL, DR. RORY",,100
16145,MILAN,,56
16172,"STAPLES, EDNA M. GRA",,66
16230,"HOPKINS, STEVE",,77
16249,"MORRELL, SABRINA",,62
16303,HYPERION II,,82
16332,GRIM REAPER/ERIC WIL,,105
16345,WALDO,,82
16380,SAURON/DR. KARL LYKO,,154
16417,3-D MAN/CHARLES CHAN,,111
16437,PRETTY BOY,,65
16496,WOLVERINE SKRULL,,102
16676,RINGTOSS,,65
16677,YAP,,60
16678,BODYBAG,,64
16679,THUG,,66
16680,GATECRASHER,,60
16681,CHINA DOLL,,66
16682,WAXWORK,,65
16685,SCATTERBRAIN,,66
16686,JOYBOY,,69
16687,FERRO2,,67
16719,"STERMAN, ANDREA ANDI",,80
16744,NEZARR,,106
16745,ONEG,,90
16774,SENTINELS,,125
16788,ASTRA,,90
16790,HOBGOBLIN,,90
16791,QUASAR II,,78
16793,TITAN,,109
16795,MENTOR II,,81
16800,CHAMPION/TRYCO SLATT,,59
16876,SETH II,,77
17127,BISON/BILLY KITSON,,81
17283,GYPSY MOTH,,177
17297,UNION JACK III/JOEY,,173
17372,MECHAMAGE/,,80
17410,"LOCKLIN, GENERAL MER",,54
17411,AMERICAN EAGLE III/J,,112
17430,DREADKNIGHT/BRAM VEL,,66
17449,"BEACH, GINGER",,78
17451,"BEACH, SPIDER",,78
17478,LODESTONE/ANDREA,,80
17494,FAYRELYTE STRONGHEAR,,80
17496,KREDDICK,,82
17497,AVIOS,,73
17513,"SIMON, ALEX FLORES",,87
17575,"MOWAT, FARLEY",,91
17576,"MAGRUDER, ALLIE",,84
17695,"INSHALLAH, KHALID",,75
17699,"ST. THOMAS, JULES",,71
17788,WITCHFIRE,,85
17819,THUNDERBIRD III/NEAL,,146
17985,ESON [CELESTIAL],,90
18290,"ANDERSSEN, TANYA",,61
18297,DEFENSOR,,124
18298,COLLECTIVE MAN,,133
18299,TALISMAN,,114
18337,"FLORES, JAMIE",,68
18343,WONDER MAN DOPPELGAN,,64
18825,PIPER,,75
19046,SUNSTROKE/,,60
19047,SHATTERFIST/,,79
19048,"STOCKBRIDGE, DEANNA",,56
19049,ICEMASTER/,,63
19050,"SOFEN, MARION",,56
19051,"SOFEN, KARL AUGUST",,56
19052,"STOCKBRIDGE, CHARLES",,58
19053,SUPERCHARGER/,,64
19841,DAN-FARR,,67
